{
    "model_size_mb": 5.929239273071289,
    "mAP50-95": 0.9949999999999999,
    "mAP50": 0.995,
    "precision": 0.9992466797453459,
    "recall": 1.0,
    "Hit_Rate": 0.9971988795518207,
    "False_Alarm_Rate": 0.004694835680751174,
    "avg_inference_ms": 29.8926226613459,
    "True_Positives": 356,
    "False_Positives": 1,
    "True_Negatives": 212,
    "False_Negatives": 1
}