{
    "model_size_mb": 5.896770477294922,
    "mAP50-95": 0.9949999999999999,
    "mAP50": 0.995,
    "precision": 0.9992509663983966,
    "recall": 1.0,
    "Hit_Rate": 0.9943977591036415,
    "False_Alarm_Rate": 0.0,
    "avg_inference_ms": 123.22160429990107,
    "True_Positives": 355,
    "False_Positives": 0,
    "True_Negatives": 213,
    "False_Negatives": 2
}