{
    "mAP50-95": 0.9949999999999999,
    "mAP50": 0.995,
    "precision": 0.9992466794260593,
    "recall": 1.0,
    "epochs_trained": 40
}